Pack Code,Pack Title Italian,Pack Description Italian,Pack Title English,Pack Description English,Pack Title French,Pack Description French
Cod. 000880,Cartone bomb. 24x400ml,,Cartone bomb. 24x400ml,,Cartone bomb. 24x400ml,
Cod. 000881,Cartone bomb. 24x400ml,,Cartone bomb. 24x400ml,,Cartone bomb. 24x400ml,
Cod. 000882,Cartone bomb. 24x400ml,,Cartone bomb. 24x400ml,,Cartone bomb. 24x400ml,
Cod. 000883,Cartone bomb. 24x400ml,,Cartone bomb. 24x400ml,,Cartone bomb. 24x400ml,
Cod. 000884,Cartone bomb. 24x400ml,,Cartone bomb. 24x400ml,,Cartone bomb. 24x400ml,
Cod. 000885,Cartone bomb. 24x400ml,,Cartone bomb. 24x400ml,,Cartone bomb. 24x400ml,
Cod. 000886,Cartone bomb. 24x400ml,,Cartone bomb. 24x400ml,,Cartone bomb. 24x400ml,
Cod. 000887,Cartone bomb. 24x400ml,,Cartone bomb. 24x400ml,,Cartone bomb. 24x400ml,
Cod. 000888,Cartone bomb. 24x400ml,,Cartone bomb. 24x400ml,,Cartone bomb. 24x400ml,
Cod. 000889,Cartone bomb. 24x400ml,,Cartone bomb. 24x400ml,,Cartone bomb. 24x400ml,
Cod. 000890,Cartone bomb. 24x400ml,,Cartone bomb. 24x400ml,,Cartone bomb. 24x400ml,
